Day,Open,High,Low,Close,Adj Close,Volume
numeric,numeric,numeric,numeric,numeric,numeric,numeric
1,61.950001,61.994999,61.014999,61.645,61.060955,46931200
2,61.375,62.227501,61.282501,61.514999,60.932198,45543600
3,61.625,62.025002,60.3825,60.5,59.926807,52311600
4,60.477501,61.022499,57.029999,58.052502,57.502506,104012000
5,56.965,59.200001,55.462502,59.134998,58.574738,91342800
6,58.627499,59.3125,57.380001,58.912498,58.354347,62077600
7,59.775002,60.735001,59.34,60.540001,59.966431,63680800
8,59.5,60.987499,59.487499,60.459999,59.887188,58120800
9,60.737499,60.737499,59.8475,60.294998,59.723763,41191200
10,60.775002,61.462502,60.612499,61.3325,60.751423,50552400
11,61.75,63.25,61.6675,62.439999,61.848431,60506000
12,62.872501,63.625,61.509998,61.927502,61.340794,61977200
13,62.362499,62.637501,61.555,62.185001,61.595848,50549600
14,62.322498,63.154999,61.91,62.334999,61.744427,40195200
15,62.5,62.8125,62.119999,62.619999,62.026722,39945600
16,62.044998,62.337502,59.25,60.25,59.679173,71377200
17,60.279999,62.787498,60.279999,62.395,61.803864,55469600
18,62.330002,63,61.8325,62.139999,61.551273,43868800
19,61.5,61.970001,60.084999,60.462502,59.889671,55119600
20,60.599998,60.625,58.130001,58.2425,57.690701,73562000
21,59.5,61.1325,58.974998,61.119999,60.540939,61142400
22,61.9375,62.5,54.962502,56.380001,55.845856,140900000
23,56.032501,57.3475,54.25,55.337502,54.813217,94590400
24,56.0275,58.875,55.174999,57.897499,57.348969,91662800
25,57.185001,58.662498,54.375,55.262501,54.738934,92209200
26,56.950001,57.587502,55.337502,56.337502,55.803753,66743200
27,53.752499,56.665001,53.5,56.560001,56.024147,78916800
28,57.150002,57.282501,54.622501,55.345001,54.820648,70124000
29,54.307499,55.400002,53.267502,53.5625,53.055031,66298800
30,54.200001,55.4925,53.650002,53.852501,53.342297,49952400
31,56.18,57.25,55.602501,56.977501,56.437691,76167600
32,56.827499,57.244999,56.23,56.560001,56.024147,46024400
33,57.5,58.830002,57.052502,58.650002,58.094341,59392000
34,59.2925,59.377499,57.387501,57.875,57.326675,50303600
35,57.942501,58.209999,56.919998,57.872501,57.324207,35079200
36,58.400002,59.599998,57.837502,59.384998,58.822388,44722400
37,58.875,59.8125,58.192501,59.092499,58.532639,39136400
38,57.9375,58.275002,56.700001,57.259998,56.717506,47199600
39,57.172501,58.025002,56.862499,57.177502,56.635799,38620000
40,57.357498,57.875,55.7075,55.970001,55.439728,42750800
41,56.23,57.200001,54.639999,55.299999,54.776073,41459600
42,55,55.395,52.575001,54.165001,53.651836,58849200
43,55.799999,56.387501,55.1325,56.305,55.771553,37582400
44,57.375,57.575001,56.154999,56.5825,56.046417,40084800
45,56.747501,57.25,56.029999,56.224998,55.692318,32784400
46,56.142502,56.8125,55.549999,56.785,56.247005,25378800
47,56.75,57.200001,56.3125,56.577499,56.04147,26824800
48,56.900002,58.512501,56.442501,58.247501,57.695652,44314400
49,57.9575,59.797501,57.782501,59.764999,59.198769,40066000
50,60.822498,62.747501,60.7225,62.169998,61.580986,68761600
51,62.172501,62.627499,61.677502,62.599998,62.00692,50661600
52,62.802502,63.967499,62.5275,63.945,63.339169,59676000
53,64.480003,65.125,64.300003,65.032501,64.416367,99408000
54,63.195,64.947502,62.634998,63.6325,63.029629,121445600
55,64.017502,64.622498,63.599998,63.84,63.235161,52314000
56,63.197498,63.224998,60.375,61.389999,60.808372,96352800
57,61,62.130001,60.627499,61.502499,60.919804,55382800
58,61.52,62.875,61.357498,61.927502,61.340794,51978400
59,62.452499,63.092499,61.435001,61.485001,60.902473,48371600
60,62.470001,62.5075,60.122501,61.060001,60.48151,64062400
61,61.195,61.450001,60.0625,60.674999,60.100147,51826400
62,60.07,61.897499,60.0625,61.884998,61.336594,44295600
63,61.8475,62.349998,61.310001,61.922501,61.373768,43737200
64,62.049999,62.485001,61.689999,62.32,61.767738,29211200
65,62.137501,62.834999,61.674999,62.147499,61.596764,35268400
66,62.487499,63.334999,62.237499,63.247501,62.687023,39099600
67,62.924999,63.799999,62.817501,63.047501,62.488792,49386800
68,63.5,64.467499,63.412498,64.404999,63.834263,42196800
69,64.75,66.434998,64.425003,66.212502,65.625755,64202400
70,66.245003,66.647499,65.792503,66.267502,65.68026,39171200
71,65.357498,66.32,65.192497,66.287498,65.700081,37135600
72,66.25,66.370003,64.8125,65.724998,65.142578,36944800
73,64.989998,66,64.800003,65.57,64.988945,36045600
74,65.442497,65.862503,65.025002,65.154999,64.577614,26537200
75,65.422501,65.767502,64.915001,65.644997,65.063263,31916000
76,65.660004,66.417503,65.5075,65.599998,65.018669,33820800
77,66.055,67.300003,65.904999,66.727501,66.136169,43001600
78,66.150002,66.870003,65.837502,66.315002,65.727333,43226000
79,65.870003,66.449997,65.595001,66.272499,65.685211,35626800
80,65.230003,65.910004,63.755001,65.042503,64.466125,59493200
81,65.457497,66.112503,65.07,65.577499,64.996384,36978000
82,65.900002,66.084999,64.199997,64.277496,63.70789,35951600
83,64.487503,64.622498,62.5825,62.737499,62.181538,43416000
84,61.662498,61.700001,58.884998,59.779999,59.250248,66581600
85,60.924999,61.412498,59.977501,60.497501,59.961391,47888400
86,60.9375,61.607498,58.875,58.93,58.407784,45389200
87,58.830002,60.334999,58.752499,60.215,59.6814,33801200
88,60.872501,61,59.212502,59.224998,58.700161,39230000
89,58.522499,60.5975,58.314999,60.560001,60.023346,35757200
90,60.91,60.970001,59.125,59.209999,58.685295,22273200
91,59.767502,60.732498,59.375,60.682499,60.144753,30621600
92,60.435001,61.9175,60.220001,61.8325,61.284565,29635200
93,62.5825,62.68,61.517502,62.3125,61.760307,30388000
94,62.4375,63.535,62.029999,63.3125,62.75145,36001600
95,62.375,62.724998,61.775002,61.8825,61.334114,36750800
96,62.34,63.2925,62.240002,62.807499,62.250923,34550800
97,62.994999,62.994999,61.904999,62.330002,61.777664,24698800
98,62.049999,62.584999,61.924999,62.049999,61.500134,19703600
99,61.552502,63.575001,61.294998,63.422501,62.86047,36213600
100,63.3475,63.487499,62.41,62.924999,62.367386,27764000
101,62.735001,63.3475,62.5825,63.0075,62.449158,23575200
102,62.982498,63.375,62.612499,62.7225,62.166679,22235200
103,62.455002,62.4725,60.82,62.352501,61.799957,30158400
104,62.837502,63.712502,62,62.177502,61.626503,35462000
105,62.272499,63.095001,61.6875,62.967499,62.4095,31911200
106,62.764999,64.082497,62.595001,63.709999,63.14542,32512400
107,64.080002,64.150002,62.459999,63.005001,62.446667,29542000
108,63.147499,63.2075,60.68,61.032501,60.491653,34034000
109,60.927502,61.970001,60.535,61.215,60.672523,28398800
110,61.532501,62.09,60.9725,61.6175,61.071465,28355600
111,60.897499,62.695,60.302502,62.654999,62.099773,26966800
112,62.9025,63.264999,62.732498,63.025002,62.466499,21428800
113,62.897499,63.5425,62.427502,63.5075,62.944717,20750800
114,64,64.425003,63.73,64.237503,63.668255,25813200
115,64.25,65.059998,63.897499,64.605003,64.032494,26210000
116,64.785004,64.8125,64.037498,64.114998,63.546841,20428000
117,63.287498,64.025002,63.174999,63.697498,63.133034,25639600
118,63.785,65.25,63.767502,64.029999,63.462582,37520800
119,65.095001,65.5,64.254997,65.357498,64.778313,46622000
120,65.567497,65.910004,63.974998,64.769997,64.196037,59113600
121,65.474998,65.5,63.752499,64.360001,63.789661,80126000
122,63.235001,63.2425,60.932499,61.205002,60.662621,114318800
123,60.794998,63.299999,59.68,61.959999,61.410931,85438800
124,62.125,63.375,61.924999,63.330002,62.768791,67398800
125,63,65.754997,62.965,65.705002,65.122742,74985600
126,65.315002,67.370003,65.175003,66.709999,66.118851,72068400
127,66.794998,68.202499,66.75,68.055,67.451927,53151200
128,68.355003,69.724998,68.037498,68.974998,68.363754,50577600
129,68.915001,69.144997,67.3825,68.595001,67.987137,47538400
130,68.480003,69.875,68.269997,69.622498,69.043274,42010800
131,69.307503,70.43,69.080002,69.452499,68.874695,34660800
132,69.25,70.300003,69.150002,70.169998,69.586227,30659200
133,70.037498,71.305,69.75,70.925003,70.334961,39172000
134,70.747498,71.105003,68.787498,69.605003,69.025925,39315600
135,69.440002,69.464996,67.847504,68.18,67.612793,32279600
136,67.25,69.232498,66.797501,67.964996,67.399559,29542000
137,68.192497,68.982498,67.75,68.682503,68.111092,22014000
138,68.214996,69.099998,68.004997,68.199997,67.632607,24311200
139,67.797501,67.995003,65.480003,67.050003,66.49218,41909200
140,67.714996,68.75,67.540001,67.834999,67.270645,30553600
141,68.747498,69.775002,68.375,69.107498,68.53257,38693600
142,68.849998,69.345001,68.287498,68.482498,67.912758,20552800
143,68.522499,69.559998,67.6875,67.754997,67.191322,29952000
144,67.567497,68.175003,67.0625,67.995003,67.429306,22486000
145,66.762497,67.190002,66.025002,66.57,66.016167,43058400
146,66.690002,67.150002,65.527496,65.862503,65.314545,43512800
147,65.550003,66.459999,64.669998,66.425003,65.872383,29391200
148,67.092499,67.355003,66.227501,67.102501,66.54425,28038800
149,67.152496,67.559998,66.57,66.730003,66.174828,26854800
150,67.084999,67.300003,66.532501,66.849998,66.293846,21442800
151,68.182503,70.480003,67.900002,70.254997,69.670517,70939600
152,71.040001,73.014999,70.650002,72.339996,71.738152,62206000
153,72.0625,73.190002,71.394997,71.620003,71.024162,38396400
154,72.330002,72.404999,70.6325,71.682503,71.086136,32055200
155,71.317497,71.5625,69.044998,69.822502,69.241623,39122000
156,69.572502,70.199997,66.885002,67.464996,66.903709,42663600
157,66.625,67.790001,65.019997,66.442497,65.88974,40861200
158,66.235001,67.190002,65.699997,66.385002,65.832718,27350000
159,65.315002,65.777496,61.400002,61.422501,60.911499,68494000
160,60.5425,61.889999,58.564999,58.782501,58.293457,72543600
161,61.377499,62.384998,59.912498,61.634998,61.122231,60823600
162,61.5,61.5,58.834999,58.845001,58.355438,44976000
163,59.982498,61.57,59.485001,61.4575,60.946198,40871200
164,62.084999,62.470001,60.27,60.764999,60.25946,32966800
165,61.465,61.852501,59.272499,59.8825,59.384308,52402000
166,60.439999,60.637501,56.924999,57.2925,56.815853,61360800
167,57.82,58.830002,56.767502,57.805,57.324089,36884400
168,55.107498,56.047501,54.177502,55.264999,54.805214,62643600
169,54.877499,55.3475,49.712502,49.852501,49.437748,88428800
170,48.8675,52.4375,48.419998,51.959999,51.527714,95172000
171,49.577499,51.209999,48.279999,49.572498,49.16008,66478400
172,50.997501,51.032501,44.002499,46.404999,46.018936,75801600
173,46.637501,50.849998,46.404999,50.75,50.327789,80719200
174,52.412498,53.147499,51.002499,52.7075,52.269001,74577200
175,53.075001,54.622501,51.797501,54.5275,54.073856,56652800
176,54.432499,55.5,52.552502,53.73,53.282997,45296000
177,53.5975,53.8325,51.32,52.942501,52.502041,37933200
178,52.862499,53.712502,52.389999,52.764999,52.326023,29901200
179,53.4375,54.352501,52.794998,53.447498,53.002842,48381200
180,52.849998,52.857498,50.9575,51.497501,51.069061,51135200
181,50.599998,52.330002,50.259998,51.4175,50.989738,41324000
182,50.494999,50.717499,47.165001,47.384998,46.990776,61711600
183,48.372501,51.052502,48.310001,49.827499,49.412964,64471200
184,51.575001,51.720001,48.2075,49.297501,48.887375,52658000
185,49.237499,51.325001,48.875,50.5975,50.176552,84070800
186,40.830002,42.665001,40.4025,41.107498,40.765507,196352000
187,40.447498,40.455002,36.157501,36.174999,35.874043,169782000
188,33.514999,38.564999,33.327499,37.27,36.959938,169203200
189,38.654999,38.825001,35.9025,36.177502,35.876526,102549600
190,35.827499,37.397499,35.697498,36.25,35.94841,41196800
191,37.4725,38.3675,36.639999,38.262501,37.944176,81483200
192,38,39.252499,37.637501,38.432499,38.112766,73806000
193,39.619999,40.07,38.282501,40.017502,39.684578,80452400
194,40,40.375,39.035,39.34,39.051746,54917200
195,39.4375,40.965,38.93,40.857498,40.558128,72956400
196,43.150002,43.669998,41.834999,42.509998,42.198513,89080400
197,42.060001,42.110001,39.125,39.2775,38.989704,81211200
198,37.860001,39.622501,37.702499,39.572498,39.282539,69230800
199,39.615002,39.717499,36.404999,36.9025,36.632099,68167600
200,36.450001,38.215,36.412498,37.965,37.686813,62947200
201,38.889999,38.9725,36.25,37.047501,36.776043,67191200
202,37.105,38.195,36.205002,37.224998,36.952244,65413600
203,37.697498,38.345001,36.860001,37.2225,36.949749,47138400
204,36.802502,37.647499,36.375,36.612499,36.344231,47182000
205,36.310001,37.037498,35.310001,35.895,35.631996,66286800
206,36.337502,37.5825,36.0625,36.735001,36.465828,56437200
207,36.395,36.935001,34.107498,34.627499,34.373764,74536400
208,34.5425,35.450001,33.172501,33.775002,33.527534,74958800
209,34.0425,34.375,32.115002,32.392502,32.155148,86374000
210,31.622499,32.494999,31.125,31.77,31.537212,46384000
211,32.235001,33.285,31.115,33.275002,33.031185,69510000
212,32.747501,33.095001,31.295,32.7925,32.552216,63704400
213,33,34.3475,32.577499,33.412498,33.167679,62872800
214,33.849998,34.177502,33.064999,33.375,33.130444,46514000
215,32.66,34.619999,32.512501,34.055,33.805473,50875200
216,33.447498,33.790001,31.922501,31.997499,31.763044,70555200
217,32.735001,34.432499,32.424999,34.047501,33.798027,58562000
218,34.625,36.2225,34.107498,35.849998,35.587311,70916000
219,36.672501,36.695,34.224998,34.9575,34.701359,78601600
220,35.474998,36.122501,34.965,35.645,35.383808,61726000
221,35.450001,36.395,34.84,36.307499,36.04147,52315600
222,36.0825,37.4375,35.802502,37.2075,36.934868,87476400
223,36.68,37.865002,36.442501,37.610001,37.334423,73016800
224,37.939999,38.337502,37.282501,37.467499,37.192959,61701200
225,37.7425,38.075001,37.154999,37.209999,36.937351,47010400
226,36.877499,38.3325,36.602501,37.93,37.652084,49343600
227,38.432499,39.494999,37.912498,39.232498,38.945038,65133600
228,38.927502,39.044998,36.887501,37.192501,36.919987,66155200
229,37.75,38.645,37.0075,37.322498,37.049026,59102000
230,38.174999,39.637501,38.127499,39.459999,39.170864,70897200
231,38.860001,40.220001,37.825001,40.037498,39.744129,115457200
232,34.137501,35.41,32.75,34.502499,34.249695,251152800
233,34.037498,34.525002,32.752499,32.900002,32.658939,115393200
234,33.6675,34.4925,32.865002,34.3475,34.095825,97422800
235,34.314999,36.297501,34.095001,35.9375,35.674171,84285200
236,36.125,36.697498,35.645,36.182499,35.917377,62504800
237,36.342499,37.669998,36.119999,37.294998,37.021736,52859200
238,37.415001,37.857498,37.075001,37.487499,37.212814,54242400
239,37.822498,38.900002,37.767502,38.25,37.969723,70246400
240,37.782501,37.805,36.422501,36.855,36.584957,63712000
241,36.177502,37.150002,36.032501,37.0425,36.771076,46160400
242,36.5975,37.145,36.125,36.612499,36.344231,49518000
243,37,37.950001,36.855,37.7925,37.515591,59106000
244,38.09,38.9575,37.952499,38.220001,37.939953,60537200
245,38.209999,38.9175,37.775002,38.6325,38.349422,82726400
246,40.737499,40.967499,39.105,39.334999,39.046776,151674800
247,39.227501,39.9725,39.035,39.16,38.873062,55189200
248,39.455002,40.314999,39.342499,39.637501,39.347069,54098800
249,39.764999,40.012501,38.794998,38.942501,38.657166,44854800
250,39.465,39.987499,39.327499,39.797501,39.505901,40174000
251,40.639999,41.32,39.584999,39.672501,39.381813,65602000
252,39.625,40.189999,38.9375,39.275002,38.987232,48846400
253,39.130001,39.397499,38.2775,38.852501,38.567822,50025600
254,38.75,38.974998,38.34,38.564999,38.321873,32494400
255,39.067501,39.537498,38.48,39.112499,38.865917,35718800
256,39.5,39.73,38.625,39.195,38.947903,40999200
257,39.037498,39.514999,38.490002,39.130001,38.883316,36292400
258,39.040001,39.125,37.985001,38.012501,37.772861,40352400
259,37.775002,37.872501,36.849998,37.314999,37.079754,45010400
260,36.415001,37.767502,36.200001,37.66,37.422585,42241600
261,37.897499,40.514999,37.422501,40.285,40.03104,85972800
262,40.564999,41.0975,39.797501,40.630001,40.373859,57957600
263,41.0075,42.450001,40.932499,42.154999,41.889248,76890000
264,42.247501,42.3675,41.3125,41.389999,41.129066,51938400
265,41.825001,42.8825,41.790001,42.452499,42.184868,66148400
266,42.77,43.3125,41.965,42.237499,41.971226,48699200
267,43.189999,44.375,43.02,43.927502,43.650578,85497200
268,44.220001,44.7575,43.25,43.599998,43.325134,71914800
269,43.8325,46.25,43.782501,45.985001,45.695095,82431200
270,45.709999,46.200001,44.235001,44.375,44.095242,74764400
271,43.965,44.612499,42.7775,43.445,43.171112,52521200
272,44.872501,45.4375,43.650002,44.217499,43.938747,70350800
273,44.474998,44.942501,43.424999,44.125,43.846825,47437200
274,44.387501,44.974998,43.7775,44.3125,44.033142,48026400
275,44.985001,45.134998,44.477501,44.889999,44.607014,45689600
276,45.814999,45.875,45.092499,45.57,45.282719,48382400
277,45.8125,46.197498,45.380001,45.75,45.461578,44092000
278,46.25,47.75,46.200001,47.154999,46.857723,78350400
279,47,47.4925,46.432499,47.064999,46.768288,45737600
280,47.5,47.912498,47.1325,47.737499,47.436546,48174400
281,47.43,48.200001,47.1875,47.947498,47.645233,42419200
282,47.610001,47.7225,46.889999,47.314999,47.016712,43997200
283,47.307499,48.285,47.262501,48.025002,47.722244,44477200
284,48.049999,48.3675,47.387501,47.884998,47.583126,37460000
285,48.275002,48.314999,47.415001,47.502499,47.203033,47170800
286,47.424999,47.474998,45.775002,46.174999,45.883911,44009200
287,46.57,47.2425,46.240002,47.052502,46.755878,39496400
288,47.404999,47.615002,46.5975,46.822498,46.527317,35100400
289,46.889999,47.232498,46.294998,46.575001,46.281391,38098800
290,46.337502,47.275002,46.02,47.1175,46.820465,27993600
291,47.25,47.982498,47.1525,47.6675,47.366993,34685600
292,47.772499,48.202499,47.16,47.7925,47.491211,31820400
293,47.387501,47.612499,45.924999,46.727501,46.432922,49929600
294,45.177502,45.2225,43.325001,44.522499,44.241821,86898800
295,44.602501,45.112499,43.875,44.8325,44.54987,39192000
296,44.5075,45.5075,44.314999,45.25,44.964741,36292000
297,45.7775,46.202499,45.115002,45.1175,44.833069,35428000
298,45.215,46.217499,44.779999,45.797501,45.508789,39468400
299,45.8825,45.982498,45.1325,45.752499,45.464069,33682400
300,43.875,45.084999,43.5,44.962502,44.67905,42217600
301,44.474998,44.474998,42.7925,43.2775,43.004669,55522000
302,43,44.287498,42.880001,43.48,43.205898,41916800
303,42.785,42.8825,41.349998,42.547501,42.279274,66024800
304,42.237499,42.897499,41,42.205002,41.938931,56950000
305,40.875,41.107498,39.452499,39.612499,39.362774,65691200
306,40.012501,40.865002,39.622501,40.509998,40.254616,52488000
307,39.950001,40.262501,39.352501,39.895,39.643494,50232000
308,39.84,40.477501,39.412498,40.047501,39.795033,78108800
309,39.625,40.927502,38.735001,39.1325,38.885799,102206800
310,38.137501,38.692501,37.6875,37.9375,37.698326,57206400
311,38.549999,38.924999,38.16,38.764999,38.520622,36184800
312,38.375,38.637501,37.939999,38.049999,37.810123,32586800
313,37.422501,37.422501,36.227501,36.830002,36.597816,59184400
314,37.02,37.375,36.220001,36.287498,36.058731,35758400
315,36.465,36.794998,35.8125,35.8325,35.606609,42835600
316,35.352501,35.705002,34.735001,35.084999,34.863815,55980000
317,35.077499,35.4375,34.392502,34.7775,34.597702,39430000
318,34.285,34.962502,33.8475,33.865002,33.689926,38972000
319,33.977501,34.3675,33.150002,33.445,33.272083,47864400
320,34.09,35.802502,33.8675,35.75,35.56517,64183600
321,36.4925,36.547501,34.955002,35.32,35.13739,51161600
322,35.362499,36.192501,35.337502,35.945,35.759167,40814000
323,36.005001,36.720001,35.8125,36.375,36.186943,34885600
324,36.939999,37.797501,36.939999,37.107498,36.915653,40278000
325,37.709999,38.09,37.290001,37.6875,37.492657,38387200
326,37.25,37.3125,36.397499,36.549999,36.361034,35889200
327,36.772499,37.25,36.595001,37.064999,36.873367,30808000
328,36.127499,36.372501,35.709999,36.16,35.973053,39442800
329,36.142502,36.630001,35.912498,36.2575,36.070049,27604000
330,36.875,38.7775,36.764999,38.220001,38.0224,58192000
331,38.575001,38.689999,38.017502,38.279999,38.082096,33164400
332,39.192501,39.3325,38.380001,38.525002,38.325825,35016800
333,38.375,38.869999,37.875,37.939999,37.743851,43442800
334,38.154999,38.462502,37.68,38.165001,37.967693,28294800
335,38.215,38.970001,37.842499,37.869999,37.674217,31186800
336,39.1525,40.43,39.022499,39.814999,39.609158,58407200
337,40.677502,41,40.314999,40.807499,40.596519,44544000
338,41.25,41.342499,40.587502,41.057499,40.845226,39766800
339,43.142502,43.487499,41.165001,41.5425,41.327724,70975600
340,41.375,41.587502,40.424999,40.557499,40.347816,40022800
341,40.7925,40.849998,40.084999,40.6875,40.477142,24663600
342,40.099998,40.145,39.419998,40.057499,39.850403,39655200
343,39.4575,39.647499,39,39.302502,39.099312,32978800
344,38.877499,39.610001,38.75,39.327499,39.124184,34286000
345,39.764999,40.592499,39.625,40.014999,39.808128,45207600
346,40.75,41.98,40.375,41.57,41.355087,68256000
347,41.849998,42.6175,41.849998,41.9025,41.685871,50639200
348,42.115002,42.2775,41.532501,41.817501,41.601303,28984000
349,41.6675,42.0425,41.209999,41.77,41.554062,34144400
350,41.787498,42.497501,41.4925,42.427502,42.208153,34820400
351,42.532501,43.177502,41.962502,42.544998,42.325043,44219200
352,42.93,42.994999,42.049999,42.110001,41.892296,34489600
353,42.325001,42.959999,42.25,42.830002,42.608574,31594000
354,43.224998,43.935001,43.067501,43.915001,43.687965,42817600
355,44.349998,44.7225,43.584999,44.665001,44.434078,36623600
356,44.247501,44.375,43.110001,43.345001,43.120911,39270000
357,43.6175,44.237499,43.6175,43.767502,43.541229,27416000
358,43.695,43.8675,42.817501,43.705002,43.47905,24816000
359,43.237499,43.985001,43.092499,43.862499,43.635735,19777200
360,43.544998,43.555,41.755001,42.18,41.961937,35941600
361,42.285,43.195,40.705002,41.23,41.016846,42121200
362,40.297501,40.994999,39.82,40.297501,40.089161,42834800
363,38.450001,38.462502,37.224998,37.697498,37.502609,58915600
364,38.450001,38.907501,37.607498,38.087502,37.890598,36127200
365,37.474998,38.592499,37.299999,38.4725,38.27359,37256000
366,39.052502,39.577499,38.474998,39.564999,39.360447,30930000
367,39.1525,39.1875,38.037498,38.544998,38.345722,34181600
368,38.02,38.544998,37.642502,37.862499,37.666756,27920000
369,37.8475,39.474998,37.455002,39.012501,38.810806,35195600
370,38.125,38.237499,37.077499,37.517502,37.323532,41988000
371,37.7075,37.907501,36.8475,37.192501,37.000225,47720000
372,39.837502,40.384998,39.220001,39.889999,39.683765,100796000
373,41.029999,42.855,40.8675,42.695,42.47427,81511200
374,42.639999,42.645,41.755001,41.967499,41.750523,46318800
375,42.6325,43.362499,42.415001,42.807499,42.586189,42724400
376,42.904999,43.3325,42.474998,42.869999,42.648361,30348800
377,42.099998,42.647499,40.41,40.610001,40.400043,56805600
378,41.4025,41.645,40.977501,41.362499,41.148655,31820800
379,41.747501,41.775002,40.154999,40.450001,40.240887,29096800
380,40.145,40.834999,39.75,40.305,40.136322,25561200
381,41.224998,42.075001,41.189999,41.75,41.575268,35797600
382,42.215,42.715,41.695,41.877499,41.702229,29061600
383,41.145,41.477501,40.8125,41.0425,40.870724,29614000
384,41.6525,42.264999,41.6525,42.189999,42.01342,22772800
385,43.217499,44.997501,43.200001,44.935001,44.746941,69567600
386,44.700001,45.272499,44.279999,44.662498,44.475574,37697600
387,44.974998,45.994999,44.959999,45.125,44.936142,41752400
388,44.794998,46.0625,44.697498,45.794998,45.603336,35281200
389,45.942501,46.567501,45.650002,46.0825,45.889637,36151200
390,46.549999,47.099998,45.987499,46.067501,45.874702,32784000
391,45.397499,45.77,45.044998,45.485001,45.294636,32459200
392,44.73,45.400002,44.625,45.052502,44.863949,23183200
393,45.119999,45.310001,44.6525,45.267502,45.078049,22304800
394,45.197498,45.355,44.125,44.994999,44.806683,25815200
395,45.055,45.240002,44.127499,44.235001,44.049873,24547600
396,44.224998,44.462502,43.07,43.172501,42.991821,35024400
397,43.174999,44.1675,43.137501,43.709999,43.527065,24971200
398,44.025002,44.322498,42.775002,43.1325,42.951984,31726800
399,43.127499,44.755001,42.677502,44.557499,44.371021,30843200
400,44.459999,44.547501,43.822498,44.334999,44.149452,23456400
401,43.915001,44.424999,42.330002,42.939999,42.760284,36205600
402,43.200001,43.619999,42.884998,43.517502,43.335381,18618400
403,43.75,45.25,43.452499,43.5,43.317936,36600800
404,43.279999,43.400002,42.532501,43.259998,43.078949,29337200
405,43.305,45.389999,43,45.327499,45.137783,45058800
406,45.349998,45.787498,44.695,45.4925,45.302109,26552400
407,46.145,47.084999,46.057499,46.0825,45.889637,48098400
408,45.16,45.16,44.125,44.307499,44.122066,44443600
409,45.080002,45.674999,44.790001,45.177502,44.988419,29241200
410,45.154999,46.27,45.102501,45.7575,45.565998,30912400
411,46.602501,47.334999,46.412498,46.497501,46.302895,44640400
412,46.41,46.842499,46.0975,46.6325,46.437332,20004000
413,47.540001,49.822498,47.400002,49.092499,48.887035,66412400
414,48.75,49.805,48.4375,48.552502,48.349304,42894400
415,49,49.452499,48.025002,48.572498,48.369213,26343600
416,48.577499,48.904999,46.875,47.622501,47.423187,30744000
417,48.240002,49.137501,48.049999,49.002499,48.797413,26186800
418,49.575001,50.6325,48.825001,48.9025,48.69783,32872000
419,48.077499,48.915001,47.7575,48.772499,48.568371,27991600
420,49.1875,49.552502,48.845001,49.215,49.009029,23202000
421,50.025002,51.345001,49.947498,51.134998,50.920986,42309200
422,51.575001,52.224998,51.279999,51.697498,51.481136,33079200
423,51.557499,51.622501,50.535,50.73,50.517689,21123600
424,51,51.057499,50.064999,50.75,50.537605,20596000
425,50.540001,50.75,49.452499,50.255001,50.04467,20973200
426,49.900002,50.9725,49.647499,50.647499,50.435532,28364000
427,51.462502,52.75,51.23,52.625,52.404758,37671600
428,52.622501,52.884998,51.919998,52.4025,52.183193,30086800
429,52.16,52.4175,51.0275,51.907501,51.690254,26901200
430,52.7775,52.924999,51.634998,52.084999,51.867012,28034000
431,51.915001,52.262501,51.537498,51.945,51.7276,18910000
432,51.9375,52.2775,51.07,52.044998,51.827175,24343600
433,52.43,52.965,52.077499,52.4025,52.183193,28350400
434,52.087502,52.365002,51.474998,52.142502,51.924274,30018800
435,52.232498,52.470001,51.630001,52.447498,52.228001,51808000
436,52.424999,52.945,50.16,51.047501,50.833855,105362800
437,50.9725,53.337502,50.942501,53.07,52.847893,57458800
438,52.7575,52.994999,51.412498,51.997501,51.779884,41456400
439,51.767502,53.637501,51.639999,52.794998,52.574043,47258800
440,52.75,53.310001,52.327499,52.544998,52.325085,28838800
441,52.772499,53.240002,52.485001,52.7225,52.501842,22410000
442,54.009998,55.352501,53.880001,55.302502,55.071045,50647600
443,55.125,55.172501,54.185001,54.25,54.022945,38524400
444,54.6675,55.012501,54.294998,54.560001,54.371746,21578400
445,54.25,54.535,53.945,54.185001,53.998035,14155600
446,54.115002,54.25,52.16,52.3125,52.131996,37203600
447,50.467499,51.955002,50.092499,51.915001,51.73587,46523200
448,52.755001,52.98,52.067501,52.355,52.174351,27342400
449,52.575001,52.732498,51.877499,52.185001,52.00494,18488400
450,52.880001,53.372501,52.779999,53.0425,52.859478,23223600
451,52.8125,53.592499,52.724998,53.0425,52.859478,21188000
452,53.345001,54.014999,52.814999,53.494999,53.310417,25638800
453,53.599998,54.389999,53.575001,54.334999,54.147522,23379600
454,54.044998,56.200001,53.955002,56.017502,55.824219,40434800
455,56.047501,57.244999,55.455002,55.997501,55.804291,45470400
456,56.474998,57.014999,56.192501,56.287498,56.093285,32097600
457,56.474998,57.299999,56.380001,57.072498,56.875568,32119600
458,57.422501,57.985001,57.337502,57.377499,57.179516,34354800
459,57.724998,59,57.674999,58.865002,58.661896,44536000
460,59.532501,60.0975,59.34,59.842499,59.636013,60304400
461,60.130001,60.452499,59.5975,59.705002,59.498993,35506000
462,59.549999,59.827499,59.205002,59.654999,59.449162,13886400
463,59.689999,60.080002,59.5,59.797501,59.591171,18285200
464,59.950001,60.084999,58.952499,59.217499,59.013172,25464400
465,58.997501,59.049999,57.764999,58.080002,57.879601,25805600
466,57.724998,58.919998,57.532501,58.825001,58.622028,23100400
467,59.6875,59.977501,59.18,59.977501,59.770546,23753600
468,58.775002,59.4575,58.525002,59.017502,58.813869,20538400
469,58.080002,59.317501,57.817501,59.264999,59.060509,26263600
470,59.549999,60.442501,59.0975,59.982498,59.775532,31485600
471,59.939999,60.509998,59.537498,60.095001,59.887646,27710800
472,60.962502,61.482498,60.215,60.755001,60.545368,25511200
473,61.8325,62.137501,60.9375,61.080002,60.869244,31629600
474,61.915001,63.247501,61.6875,62.994999,62.777637,31984000
475,62.564999,62.82,61.6875,61.82,61.606697,35908800
476,61.947498,62.172501,61.1325,61.392502,61.180664,26310400
477,61.93,62.2925,61.695,62.232498,62.017765,28419200
478,62.424999,62.5,61.842499,62.32,62.104965,25379200
479,61.952499,62.322498,61.642502,61.985001,61.771133,21791600
480,62.439999,63.397499,62.25,62.5275,62.311756,23924000
481,62.93,63.299999,62.037498,63.215,62.996883,24451600
482,64.375,64.875,62.075001,62.619999,62.403927,37351200
483,59.560001,60.5625,58.057499,60.049999,59.8428,47053600
484,60.712502,62.317501,60.177502,61.9925,61.778595,31097600
485,61.8475,62.209999,60.985001,61.384998,61.173199,25884800
486,60.4025,61.587502,59.849998,61.452499,61.240456,29050400
487,60.9925,61.112499,58.6875,59.107498,58.903549,37042000
488,58.924999,60.2775,58.862499,60.0825,59.875198,25556400
489,61.5075,61.974998,61.005001,61.782501,61.569324,27154400
490,62.997501,63.099998,61.852501,62.689999,62.47369,20822000
491,63.035,63.5625,62.220001,63.5625,63.343178,21828400
492,63.16,63.3825,62.642502,62.897499,62.680473,18975200
493,63.125,65.75,63.075001,65.7425,65.515656,52960800
494,66.830002,68.125,66.207497,66.972504,66.741409,63855600
495,67.502502,68.199997,67.112503,68.135002,67.899902,37464400
496,67.552498,68.370003,67.277496,67.695,67.461426,52801600
497,71.815002,73.7425,71.5,72.447502,72.19751,104192400
498,71.410004,74.327499,71.214996,74.142502,73.886673,62016400
499,75.372498,78.852501,75.372498,78.675003,78.403557,69433200
500,78.192497,79.080002,74.087502,77.175003,76.908707,81005200
501,76.047501,76.300003,72.665001,73.517502,73.263824,76818000
502,67.547501,70.467499,67,68.32,68.084274,85691600
503,69.074997,69.697502,64.489998,65.512497,65.286446,105549600
504,65.514999,68.862503,65.5,66.912498,66.681625,74773200
505,63.724998,66.75,62.2225,63.150002,62.969746,90641600
506,60.615002,68.114998,60.447498,67.517502,67.324783,113325200
507,69.224998,69.397499,65.25,69.107498,68.910233,89074400
508,69.667503,70.267502,65.614998,66.472504,66.282761,65279200
509,67.550003,71.222504,66.800003,71.127502,70.924477,59740800
510,69.125,70.800003,67.875,68.322502,68.127495,54032800
511,66.519997,67.097504,64.5,66.510002,66.320152,51541200
512,59.974998,64.849998,59.544998,61.360001,61.18486,61416000
513,64.135002,65.269997,61.497501,65.269997,65.083687,58064800
514,63.865002,64.150002,60.642502,61.6175,61.441631,49996400
515,56.365002,59.029999,53.950001,54.077499,53.923141,81654000
516,57.625,60.255001,54.9025,60.209999,60.038136,63483600
517,53.102501,56.525002,48.5,49.099998,48.959846,72697200
518,50.227501,55.215,47.75,54.317501,54.162453,83363200
519,50.025002,52.485001,45.169998,50.705002,50.560268,87426800
520,50.490002,54.182499,48.3475,53.2425,53.090527,76551200
521,54.75,57.580002,51.282501,51.4375,51.290676,80463600
522,51.427502,54.119999,49.630001,53.172501,53.020725,64387600
523,57.25,63.165001,57.012501,62.294998,62.117188,110164400
524,63.450001,65.455002,60.915001,61.404999,61.229725,79343200
525,63.485001,65.555,62.5,64.309998,64.126434,69610800
526,62.5,65.779999,62.169998,63.182499,63.002155,63882800
527,63.84,66.489998,63.397499,66.397499,66.20797,60225200
528,66.800003,68.849998,64.4375,65.900002,65.711899,94996000
529,63.912498,65.3825,60.32,60.767502,60.594051,65691200
530,61.060001,64,60.577499,63.8675,63.685196,67576400
531,63.490002,63.907501,59.5975,60.977501,60.803448,66321200
532,63.810001,67.470001,63.232498,67.099998,66.908478,72788400
533,69.324997,69.5625,64.324997,64.7575,64.572662,78452000
534,65.852501,66.987503,65.150002,66.737503,66.547005,54244400
535,68,68.230003,65.105003,65.737503,65.54985,52556400
536,65.137497,67.550003,64.25,67.462502,67.269936,39840800
537,68.75,71.330002,68.472504,70.987503,70.784882,53094800
538,69.300003,71.042503,68.845001,70.209999,70.00959,36614800
539,71.769997,74.75,71.637497,73.675003,73.464691,74562000
540,74.5,74.714996,71.735001,73.080002,72.871399,53912000
541,71.809998,73.375,71.317497,71.762497,71.557655,44938800
542,70.577499,71.192497,66.777496,67.377502,67.185165,73516000
543,69.307503,71.967499,68.849998,71.537498,71.333305,48335600
544,71.959999,73.285004,70.75,71.002502,70.799835,42416000
545,70.900002,72.417503,70.150002,72.397499,72.190842,35232800
546,73.747498,75.875,73.5,74.269997,74.057983,47938800
547,75.75,76.050003,72.785004,72.839996,72.63208,44290400
548,74.192497,75.144997,73.4375,74.614998,74.402023,37916000
549,74.072502,74.614998,72.93,73.07,72.861443,37591600
550,71.087502,72.224998,70.209999,70.695,70.493202,34209600
551,70.220001,72.959999,70.220001,72.822502,72.614639,31755600
552,73.8675,75.067497,72.822502,73.434998,73.225395,36889600
553,74.232498,75.5,73.852501,74.447502,74.234993,32346400
554,75.845001,76.852501,75.330002,76.217499,75.999939,37373200
555,76.9375,78.1875,76.597504,78.125,77.902,33921600
556,78.074997,81.125,77.787498,80.654999,80.424782,46906000
557,81.235001,81.724998,77.927498,78.025002,77.802292,49306000
558,79.175003,80.785004,75.947502,77.800003,77.577934,62585200
559,78.417503,80.360001,76.875,80.305,80.075775,60231200
560,78.897499,85.004997,78.739998,84.907501,84.665146,98766000
561,87.605003,89.165001,86.805,87.502502,87.252716,77446000
562,87.902496,90.875,87.627502,88.055,87.803658,71732000
563,89.910004,90.43,88.887497,89.699997,89.443954,58753600
564,90.514999,90.525002,87.375,87.752502,87.502014,76106800
565,88.252502,90.93,87.1325,90.262497,90.004868,103876400
566,91.567497,91.817497,86.720001,87.177498,86.928665,77078000
567,86.25,86.327499,79.967499,85.252502,85.009148,117589200
568,84.122498,87.605003,83.792503,84.870003,84.627739,73489600
569,85.544998,88.754997,84.849998,88.754997,88.501663,74525600
570,88.332497,88.407501,86.894997,88.0625,87.811142,38987600
571,87.962502,88.372498,86.580002,88.252502,88.000603,39132000
572,88.222504,88.662498,87,87.695,87.444695,36544000
573,87.279999,89.432503,86.775002,87.665001,87.454674,42428000
574,87.945,89.970001,87.080002,89.199997,88.98597,48174800
575,88.772499,88.897499,86.857498,88.050003,87.83876,38773600
576,88,91.097504,87.512497,90.459999,90.242966,46848800
577,91.677498,95,91.535004,93.667503,93.442772,63218000
578,91.5,92.612503,87.860001,87.962502,87.751465,58365200
579,91.625,91.872498,87.032501,89.324997,89.110672,57090800
580,88.152496,91.822502,87.4375,91.737503,91.517387,40000400
581,92.25,92.667503,88.387497,90.684998,90.467415,53571600
582,91.137497,92.989998,90.702499,92.360001,92.138405,40830400
583,92.269997,92.824997,91.144997,92.18,91.958824,25440800
584,92.425003,94.449997,92.272499,92.612503,92.390289,52416000
585,93,95.3125,92.732498,95.267502,95.038933,39846800
586,95.510002,96.425003,94.074997,94.5,94.273262,37510800
587,94.762497,95.565002,91.445,92.355003,92.133408,44937200
588,93.557503,95.050003,91.822502,94.900002,94.67231,37607200
589,95,95,91.25,91.550003,91.330338,59208400
590,91.697502,92.044998,89,92,91.779259,34224800
591,93.139999,95.262497,92.665001,94.977501,94.749634,36789200
592,95.207497,95.7575,94.129997,95.300003,95.071342,32664800
593,96.389999,97.375,95.782501,96.122498,95.891869,36405600
594,97.417503,99.087502,97.125,98.392502,98.156425,31589200
595,99.462502,100.699997,98.5075,98.717499,98.480644,35780000
596,99.9375,102.25,99.654999,102.160004,101.914894,36548000
597,103.802498,105.699997,102.334999,105.089996,104.837852,49454800
598,105.887497,106.552498,103.787498,104.792503,104.541084,49767600
599,105.949997,107.922501,100.25,100.522499,100.281326,45707600
600,100.75,104.027496,97.855003,103.769997,103.521011,54267600
601,104.142502,104.330002,100.557503,102.272499,102.027115,40398400
602,100.150002,102.067497,98.955002,101.347504,101.104332,34496400
603,102.254997,102.485001,100.877502,102.014999,101.770241,26628400
604,102.7425,105.3125,101.567497,105.107498,104.855309,28485200
605,105.129997,105.599998,102.8675,103.285004,103.037186,27703600
606,103.675003,106.025002,102.915001,104.387497,104.137032,36729200
607,104.5,105.470001,100.3125,101.297501,101.054466,41166000
608,98.75,103.647499,97.769997,101.945,101.700409,47329200
609,102.322502,104.417503,102.177498,104.214996,103.964943,29213200
610,103.7425,103.82,102.092499,102.154999,101.909889,27163600
611,103.907501,105.162498,103.470001,104.654999,104.403893,28450800
612,103.75,106.230003,102.952499,106.139999,105.885345,30888000
613,105.6325,107.665001,104.330002,106.147499,105.892822,38608000
614,107.324997,110.987503,107.152496,110.102501,109.838326,41272000
615,110.5,112.277496,109.059998,112.277496,112.00811,31033600
616,112.440002,113.717499,111.662498,112.8675,112.596695,24992400
617,113.497498,113.580002,111.787498,113.355003,113.083023,24431600
618,113.125,115.047501,110.375,111.995003,111.726303,34251600
619,113.342499,114.082497,108.565002,111.650002,111.382118,42779600
620,110.737503,111.3675,107.957497,108.5,108.239662,35451200
621,109.907501,114.669998,109.582497,114.402496,114.128006,46441200
622,115.459999,117.217499,113.557503,114.43,114.155441,37446000
623,115.300003,117.047501,114.404999,115.639999,115.362534,36643600
624,118.512497,124.097504,118.172501,123.370003,123.073982,62130000
625,124.5,124.959999,120.862503,122.607498,122.313324,50344800
626,122.964996,123.150002,120.980003,121.385002,121.093765,62262400
627,119.75,123.75,118.787498,121.410004,121.118698,92138800
628,122.017502,128.087494,121.952499,126.834999,126.530678,99986800
629,128.837494,129.125,125.074997,127.202499,126.897293,49056400
630,126.307503,127.612503,125.737503,127.5,127.194092,28907600
631,127.9925,128.684998,126.777496,127.730003,127.423553,32124400
632,127.815002,128.5,125.665001,126.282501,125.979523,31760400
633,126.75,131.479996,126.425003,131.477493,131.162018,53716000
634,131.827499,135.75,130.377502,133.744995,133.424103,50084000
635,134.800003,139.9375,134.365005,138.210007,137.919647,51131600
636,147.037506,147.267502,139,143.464996,143.163589,87401200
637,138.287506,138.845001,128.787506,130.154999,129.881561,94512800
638,127.837502,131.75,117.047501,126.224998,125.959824,146368400
639,117.345001,125.5,117.042503,119.129997,118.879715,79572800
640,124,128.092499,122.317497,127.150002,126.882896,73620000
641,129.892502,130.652496,121.669998,123.1175,122.858856,69868400
642,124.855003,126.525002,118.957497,121.644997,121.389435,63692800
643,130.809998,133.149994,126.3125,128.722504,128.452057,120174400
644,132.800003,132.987503,128.277496,129.910004,129.637085,72755600
645,129.572495,130.927505,125.137497,125.144997,124.88208,55638400
646,121.322502,125.897499,120.347504,124.635002,124.373169,79251200
647,125.9375,126.324997,119.887497,121.892502,121.636429,69846000
648,119.25,125.224998,119.044998,125.172501,124.909531,72104400
649,125.75,126.480003,121.555,126.377502,126.112,64645200
650,125.754997,127.269997,120.792503,121.237503,120.982796,64701200
651,120.722504,125.695,120.139999,123.480003,123.220581,73124000
652,124.474998,128.835007,122.457497,128.737503,128.467041,58801600
653,130.402496,130.517502,127.5,130.350006,130.076157,57380800
654,129.375,134.427505,129.332504,132.257507,131.979645,62146000
655,131.574997,136.225006,131.502502,135.304993,135.020752,68918400
656,137.580002,137.627502,134.607498,136.145004,135.858994,52500400
657,132.25,135.195007,130.509995,130.622498,130.348068,55249600
658,132.360001,136.442505,132.227493,136.425003,136.138382,47982000
659,138.300003,141.419998,136.649994,137.365005,137.076431,78442000
660,139.997498,141.192505,138.634995,139.639999,139.346664,41808400
661,140.75,140.845001,137.580002,138.387497,138.096771,37890000
662,137.669998,138.242493,136.607498,137.627502,137.338364,34689200
663,139.895004,143.470001,139.125,142.259995,141.961105,43474400
664,142.964996,143.485001,140.1875,142.482498,142.183151,34460400
665,142.904999,143.427505,139.600006,140.952499,140.656387,27610000
666,138.107498,140.057495,137.677505,139.699997,139.406494,26722400
667,140.367493,141.214996,137.925003,138.115005,137.824875,24239200
668,139.029999,139.835007,134.067505,134.977493,134.693939,29806800
669,135.835007,137.997498,135.070007,136.455002,136.168335,22921200
670,136.25,137.914993,134.774994,135.247498,134.963379,21959600
671,135.225006,136.117493,132.317505,133.610001,133.32933,29048000
672,134.5,135.932495,132.912506,135.902496,135.616974,23348400
673,134.270004,136.927505,130.384995,131.412506,131.136414,33689600
674,133.059998,134.419998,131.914993,133.967499,133.686081,25052000
675,131.979996,132.600006,126.089996,126.269997,126.004715,37652000
676,128.384995,131.927505,127.5,130.240005,129.9664,32008000
677,128.5,129.365005,123,125.339996,125.076675,41682000
678,126.577499,128.367493,123.949997,125.807503,125.543198,29965200
679,127.084999,131.050003,126.027496,130.195007,129.921494,27290000
680,133.892502,138.274994,133.369995,137.942505,137.65271,41022800
681,141.625,143.389999,139.910004,141.600006,141.302505,31902800
682,141.097504,145.887497,138.949997,145.619995,145.314072,38334800
683,145.524994,146.914993,136.107498,136.307495,136.021133,58297600
684,136.065002,136.065002,126.282501,127.699997,127.431725,64406800
685,130.537506,134.350006,129.482498,134.179993,133.898117,40474400
686,134.789993,137.660004,133.160004,134.567505,134.28479,36581200
687,136.272507,136.6875,130.592499,132.970001,132.690643,34631200
688,131.725006,136.494995,131.559998,135.152496,134.868591,41377600
689,135.524994,135.962494,133.037506,134.222504,133.940521,31202800
690,134.652496,136.057495,131.850006,134.287506,134.005402,51092400
691,132.127502,134.875,131,134.402496,134.120117,56593600
692,134.539993,134.945007,130.649994,130.877502,130.602539,34108800
693,131.712494,133.824997,130.154999,131.399994,131.123932,36135600
694,131.425003,131.619995,128.850006,129.577499,129.305267,34650000
695,130.324997,132.695007,130.199997,132.347504,132.069443,25991600
696,133.75,134.074997,131.705002,132.612503,132.333893,16727600
697,132.649994,134.125,129.722504,134.014999,133.733459,28695200
698,134.922501,135.287506,132.282501,133.899994,133.618698,29694800
699,133.505005,136.735001,132.342499,135.445007,135.160446,28336000
700,135.875,136.600006,133.289993,133.960007,133.718079,19952000
701,134.485001,135.600006,133.887497,135.582504,135.337631,20224400
702,136.012497,137.3125,135,136.067505,135.821732,22324400
703,135.850006,135.987503,132.815002,133.5,133.258881,27192000
704,133.005005,134.139999,128.682495,129.307495,129.073975,40130000
705,128.690002,130.6875,128.494995,129.722504,129.48822,20776400
706,129.672501,130.199997,128.229996,130.132507,129.897476,20926400
707,130.880005,133.887497,130.774994,133.087494,132.847137,27015600
708,134.397507,134.639999,131.867493,133.604996,133.363708,19301600
709,134.225006,134.372498,132.125,132.425003,132.185837,22311600
710,133.667496,133.794998,131.785004,133.412506,133.17157,23138400
711,133.789993,134.050003,130.705002,132.720001,132.480301,34206400
712,130.747498,133.699997,129.675003,133.322495,133.08168,30233200
713,133.192505,133.372498,130.539993,132.782501,132.542694,18558000
714,132.559998,132.75,130.050003,130.092499,129.857529,17914400
715,130.372498,131.324997,129.387497,129.9375,129.702835,9788400
716,130.625,130.625,127.6325,129,128.767029,21256400
717,129.25,130.725006,128.422501,129.432495,129.198746,17037200
718,129.902496,132.137497,128.967499,131.457504,131.220093,22539600
719,131.365005,131.509995,129.149994,130.550003,130.314224,19242400
720,131.042496,136.524994,129.625,131.134995,130.898148,56064000
721,130.997498,134.434998,130.869995,134.047501,133.80542,32276000
722,132.225006,132.449997,125.860001,126.144997,125.917168,58042400
723,129.675003,133.777496,128.865005,133.440002,133.19902,46148000
724,133.625,134.210007,130.419998,132.767502,132.527725,29252800
725,134.1875,139.610001,133.625,136.214996,135.968994,51834400
726,137.524994,137.544998,133.449997,134.847504,134.603973,29147600
727,134.899994,136.25,133.850006,135.317505,135.07312,21002800
728,135.75,135.997498,131.804993,132.002502,131.764084,28312000
729,132.279999,133.252502,128.485001,128.595001,128.362747,27778000
730,130.162506,130.940002,128.440002,130.252502,130.017258,22618800
731,131.117493,134.304993,130.567505,133.657501,133.416107,25857200
732,134.184998,139.992493,132.529999,138.675003,138.424545,33778000
733,137.399994,138.417496,136.272507,137.125,136.877335,24682000
734,137.817505,138.285004,132.365005,136.532501,136.285934,25111200
735,135.804993,136.447495,133.875,134.352493,134.109848,16398000
736,132.300003,132.327499,127.9375,129.177505,128.944214,37127200
737,129.962494,133.397507,129.604996,130.509995,130.274277,22831600
738,130.75,133.347504,129.115005,129.897507,129.662918,27155200
739,130.532501,132.707504,129.027496,132.369995,132.130936,21720400
740,133.987503,135.720001,132.854996,135.567505,135.322678,22044000
741,136.360001,139.317505,135.164993,135.304993,135.060638,24540800
742,135.309998,136.735001,133.377502,136.642502,136.395737,20134000
743,137.25,137.372498,135.457504,135.910004,135.664551,16915200
744,137.272507,144.737503,137.272507,144.387497,144.12674,43462400
745,143.407501,145.832504,142.225006,142.632507,142.374893,28756000
746,144.632507,149.050003,143.414993,147.642502,147.37587,48535200
747,149.802505,152.722504,149.25,152.507507,152.232086,45082800
748,150.5,152.912506,147.75,149.612503,149.342285,37475600
749,150.642502,153.725006,149.5,153.302505,153.025635,32196000
750,151.710007,152.235001,147.800003,149.059998,148.790787,27475600
751,147.289993,148.732498,145.75,148.289993,148.022171,23386800
752,150.244995,151.770004,148.467499,149.264999,148.995407,27172400
753,147.747498,151.332504,143.25,143.557495,143.298218,32588400
754,140.752502,142.387497,133.895004,141.419998,141.164597,39178000
755,141.227493,145.067505,137.559998,144.990005,144.728149,44832000
756,140.455002,143.747498,132.162506,133.074997,132.834641,82443600
757,137.524994,138.544998,133.610001,137.145004,136.897308,50093200
758,138.75,139.25,135.532501,138.417496,138.167496,35318400
759,139,139.205002,133.960007,134.0625,133.820389,26411600
760,134.262497,134.514999,127.987503,128.047501,127.816238,37759200
761,128.007507,129.75,120.837502,123.702499,123.47908,57334400
762,125.5,125.5,116.792503,124.614998,124.389931,54284000
763,124.5,124.712502,115.665001,115.932503,115.723137,54311200
764,121.302498,126.167503,120.592499,125.202499,125.019516,52182400
765,128.404999,129.800003,124.574997,124.682503,124.50029,38437600
766,129.5,130.462494,127.345001,129.934998,129.745087,29991600
767,126.482498,128.887497,125.900002,128.559998,128.372101,24396400
768,128.647507,132.067505,127.672501,131.912506,131.719711,22198800
769,133.565002,135.125,131.167496,132.912506,132.718246,27212800
770,130.397507,134.532501,129.895004,133.412506,133.217514,24386400
771,131.365005,131.839996,127.169998,127.224998,127.039063,29389600
772,127.5,129.214996,126.125,128.457504,128.269775,29920800
773,129.127502,133.945007,129.067505,131.862503,131.6698,29780400
774,132.542496,133.445007,130.212494,130.707504,130.516464,22204800
775,131.512497,131.592499,126.3675,126.43,126.245224,24584000
776,124.995003,127.147499,122.720001,125.352501,125.169304,29514400
777,125.544998,128.5625,123.735001,128.392502,128.204849,36396800
778,128.202499,130.625,127,129.482498,129.293243,27352000
779,128.419998,129.752502,127.050003,128.717499,128.529373,20020400
780,130.154999,134.705002,129.824997,133.482498,133.287415,31477600
781,135.722504,138.699997,135.112503,138.117493,137.915649,30827600
782,138.675003,140.139999,137.330002,139.875,139.670578,25567200
783,139.997498,140.542496,137.735001,138.615005,138.412415,19174400
784,138.807495,142.434998,137.115005,141.434998,141.228271,25128400
785,142.527496,144.714996,142.490005,143.169998,142.960754,24441600
786,142.139999,144.080002,141.75,144,143.789536,19517200
787,142.897507,153.524994,141.392502,152.089996,151.867722,86932400
788,152.315002,157,151.257507,156.794998,156.565842,67621200
789,156.25,157.205002,152.274994,152.770004,152.546738,38550000
790,156.625,162.142502,156.315002,161.372498,161.136642,59848000
791,160.529999,161.657501,158.652496,159.125,158.892441,33520800
792,155.365005,158.074997,152.330002,153.617493,153.39296,40442000
793,153.232498,154.970001,149.630005,151.712494,151.490768,33413200
794,151.1875,153.625,151.022507,153.604996,153.380508,21677600
795,153.75,154.384995,147.835007,148.502502,148.285461,27778800
796,149.342499,153.350006,149.002502,152.652496,152.429398,22750000
797,151.850006,154.789993,151.25,154.779999,154.553787,19779600
798,155.785004,156.705002,153.544998,153.817505,153.592697,16457200
799,153.645004,155.322495,152.154999,152.767502,152.544235,20941600
800,154,154.365005,150.714996,153.247498,153.023529,17319600
801,151.744995,153.649994,149.970001,150.095001,149.875626,20191200
802,151.25,152.467499,147.875,148.367493,148.150635,20391200
803,146.372498,146.375,140.102493,143.512497,143.30275,40532400
804,147.089996,148.134995,143.875,144.585007,144.373703,29202400
805,144.952499,145.712494,142.179993,145.229996,145.017761,19338000
806,148.082504,149.707504,146.717499,148.122498,147.905991,22932800
807,147.872498,148.059998,142.5,142.657501,142.449005,26890400
808,138.25,143.547501,137.5,143.0625,142.853424,28558400
809,140.095001,142.602493,137.092499,137.585007,137.383926,30340800
810,140.337494,140.807495,134.589996,136.652496,136.452774,28540400
811,138.899994,143.279999,137.485001,142.429993,142.221832,25861600
812,141.570007,141.692505,138.535004,141.654999,141.447983,21698000
813,142.669998,144.042496,140.039993,140.157501,139.952652,18625600
814,135.664993,140.794998,135.432495,140.657501,140.451935,34400000
815,143.024994,146.837494,142.705002,146.125,145.911438,32159200
816,151.637497,152.220001,148.695007,149.917496,149.69838,67299200
817,152.125,157.449997,151.759995,156.119995,155.89183,55481600
818,157.660004,158.184998,154.824997,156.477493,156.248779,43540800
819,157.342499,157.9375,155.862503,157,156.770554,37044000
820,156.997498,157.5,154.600006,154.880005,154.653641,58147600
821,155.009995,162.774994,155.009995,162.445007,162.207596,64453600
822,162.699997,163.882507,159.032501,162.645004,162.407318,47280400
823,162.522507,169.1875,162.354996,167.782501,167.537277,59416800
824,167.007507,172.589996,165.830002,169.697495,169.449478,58000800
825,171.125,176.610001,170.955002,175.782501,175.525604,61712000
826,175.712494,178.125,171.927505,176.190002,175.93251,57575600
827,175.272507,176.214996,172.509995,174.570007,174.314865,32384800
828,175.157501,175.75,172.557495,173.582504,173.368546,38165600
829,173.5,174.919998,171.759995,174.25,174.035217,28777200
830,174.794998,179.392502,174.4375,178.252502,178.032791,41630800
831,179.059998,180.395004,176.627502,180.1875,179.965393,32137600
832,179.149994,180.162506,177.279999,177.884995,177.665726,24303200
833,177.907501,179.547501,175.845001,178.102493,177.882965,30712400
834,177.744995,188.350006,177.5625,186.572495,186.342514,80965600
835,187.839996,193.75,185.839996,186.387497,186.15773,96885600
836,184.352493,185.365005,178.227493,184.272507,184.045364,67238400
837,184.714996,189.637497,183.860001,188.867493,188.634689,58014400
838,190.077499,191.527496,189.077499,190.572495,190.337601,33235600
839,192.277496,194.199997,190.882507,192.054993,191.818253,32092400
840,192.804993,193.455002,188.945007,190.309998,190.075424,27836400
841,193.612503,200.787506,193.190002,199.850006,199.603653,49543600
842,198.824997,200.987503,196.570007,200.267502,200.020645,36763200
843,199.992493,201.625,198.637497,200.024994,199.778427,32656800
844,201.25,204.559998,200.190002,202.119995,201.87085,48013600
845,204.402496,205.052505,202.877502,204.869995,204.617447,34276400
846,207.375,208.419998,203.502502,206.985001,206.729843,44670800
847,208.535004,208.75,203.320007,203.717499,203.4664,41842800
848,198.565002,201.330002,197.007507,199.027496,198.782166,50330000
849,199.625,200.802505,197.542496,200.502502,200.255341,29662400
850,202.399994,205.327499,201.877502,205.125,204.872131,32198400
851,204.005005,204.612503,201.139999,202.5,202.250381,29070800
852,203.577499,204.177505,197.527496,198.414993,198.17041,38010000
853,198.117493,198.470001,188.585007,189.662506,189.428711,55056400
854,190.304993,191.570007,180.729996,181.610001,181.386139,68822400
855,179.152496,190.419998,178.654999,187.797501,187.566025,74906000
856,187.300003,188.380005,181.639999,186.119995,185.890564,43468700
857,188.820007,195.270004,187.419998,194.100006,193.860748,37101700
858,196.419998,198.869995,192.759995,195.940002,195.698471,32382600
859,196.559998,197,192.5,195.580002,195.338913,19567200
860,193.110001,194.419998,189.139999,192.940002,192.702179,20394300
861,192.649994,196.220001,187.410004,192.080002,191.843231,24886300
862,193.190002,196.460007,189.949997,195.029999,194.789597,20219100
863,195.190002,198.529999,193.279999,196.619995,196.37764,19078100
864,194.179993,196.300003,192.630005,194.990005,194.749649,18349700
865,197,199.610001,193.610001,197.5,197.256561,21744400
866,197.399994,202.220001,192.199997,198.149994,197.905731,30181100
867,199.899994,203.179993,198.279999,202.740005,202.490097,23130900
868,205,207.330002,203.419998,206.369995,206.115616,21143500
869,205.240005,205.699997,202.100006,203.660004,203.408951,17849700
870,204.460007,205.080002,201.429993,202.949997,202.699844,14644300
871,203.220001,204.300003,198.350006,199.360001,199.114273,17923800
872,200.429993,200.490005,194.300003,196.990005,196.747208,18592500
873,198.699997,200.289993,196.199997,199.050003,198.804642,15165200
874,199.050003,202.139999,198.509995,201.880005,201.631165,18306300
875,201.350006,202.869995,194.529999,199.5,199.254089,21087600
876,196.850006,197.699997,192.669998,194.580002,194.340149,20458500
877,195,196.339996,190,190.399994,190.165298,28591300
878,194.940002,204.949997,187.619995,197.979996,197.735962,76655500
879,199.910004,208.649994,199.330002,208.160004,207.903412,67574100
880,209.710007,219.970001,209.5,219.580002,219.309326,57580700
881,217.529999,219.589996,215.350006,217.929993,217.661377,29729900
882,217.369995,224.699997,217.220001,222.130005,221.856186,34770100
883,222,223.399994,217.899994,220.679993,220.40799,23794000
884,221.839996,227.220001,221.669998,226.360001,226.080978,30472200
885,228.300003,230.429993,225.509995,226.880005,226.600342,26258000
886,226.949997,226.949997,221.199997,223.850006,223.613495,25985000
887,224.850006,226.970001,223.570007,224.410004,224.172913,20176700
888,225.179993,225.929993,222.949997,223.960007,223.723389,18783400
889,223.25,229.860001,222,228.429993,228.188644,28053200
890,228.330002,228.990005,225.220001,226.619995,226.380569,19810700
891,225.130005,226.100006,219.770004,223.389999,223.153992,25443400
892,223.119995,225.380005,221.309998,221.770004,221.53569,19685600
893,223.479996,226.259995,222.699997,224.779999,224.542511,24837600
894,226.839996,229.639999,218.580002,221.520004,221.285965,29750000
895,222.75,224.100006,220.860001,222.419998,222.184998,19975500
896,223.089996,223.669998,219.660004,223.410004,223.17395,16653800
897,221.830002,222.770004,219.270004,222.419998,222.184998,15603300
898,223,223.210007,218.300003,219,218.768616,29450300
899,211.460007,214.330002,206.619995,211.130005,210.906937,34944000
900,214.169998,214.25,209.5,212.460007,212.235535,20468800
901,213.660004,219.600006,211.960007,219.410004,219.178192,26872600
902,221.399994,225.350006,218.899994,224.820007,224.582474,24855500
903,220.699997,221.490005,218.610001,220.809998,220.576706,21765500
904,217.100006,217.990005,213.25,216.600006,216.371155,24521500
905,212.139999,214.190002,206.509995,206.990005,206.771317,34306900
906,209.399994,210.169998,204.669998,205.169998,204.953232,21839400
907,207.679993,210.660004,206.880005,207.160004,206.941132,22100900
908,207.5,208.589996,202.029999,207.419998,207.200851,24097800
909,205.039993,205.419998,195.550003,197.320007,197.111542,34563500
910,199.5,206.479996,198.539993,204.509995,204.293915,27928200
911,201.199997,207.199997,200.800003,207,206.781296,29720200
912,210.919998,213.220001,209.720001,210.75,210.527344,25691900
913,211.009995,212.059998,207.75,208.309998,208.089905,15125800
914,205.75,210.630005,205.110001,206.949997,206.731339,16338800
915,208.279999,210.570007,205.279999,206.710007,206.491608,16213400
916,209.179993,209.899994,207.130005,209.389999,209.168762,18065200
917,212.880005,217.550003,211.220001,217.460007,217.23024,24358900
918,218.100006,219.309998,216.619995,218.619995,218.389023,22699400
919,217.490005,222.910004,216.440002,222.220001,221.985214,18949400
920,222.759995,223.789993,220.369995,222.899994,222.664505,16147300
921,223.050003,224.330002,219.820007,221.029999,220.796478,14627600
922,220.970001,227.110001,220.830002,226.919998,226.680252,18759000
923,228.229996,231.300003,225.610001,227.259995,227.019897,24938400
924,229.729996,233.550003,227.699997,231.660004,231.415237,23023500
925,239.889999,252.589996,239.240005,247.169998,246.908859,48589800
926,244.740005,250.899994,242.820007,244.509995,244.251663,24599000
927,248.779999,249.5,245.229996,249.410004,249.1465,23420400
928,250.009995,257.089996,250,255.669998,255.399872,29250300
929,256.48999,258.940002,252.270004,258.269989,257.997101,26574000
930,258.220001,266.779999,258,264.01001,263.731079,29411200
931,266.700012,267.839996,262.350006,265.980011,265.699036,23991000
932,272.290009,313.649994,271.179993,298.01001,297.695129,115363100
933,301.869995,314,294.100006,297.519989,297.205658,85126000
934,301.48999,311,299.070007,308.040009,307.714539,50310100
935,322.820007,323.100006,299.640015,306.570007,306.246094,64674600
936,293.559998,308.5,287.779999,294.589996,294.278748,63620600
937,304.679993,305.899994,297.769989,303.899994,303.578949,33217200
938,300.100006,306.799988,296.299988,303.899994,303.578949,41305400
939,305.519989,306.440002,292.470001,300.25,299.932739,38490900
940,297.589996,303.899994,297.059998,302.029999,301.710907,26448400
941,304.179993,305.089996,288,292.609985,292.300842,42850800
942,323.670013,327.600006,313.209991,316.75,316.415344,78171100
943,322.429993,330.880005,319.049988,329.850006,329.501465,53386700
944,335.170013,346.470001,319,319.559998,319.222382,75433500
945,315.350006,323.600006,308.799988,317.459991,317.124573,53216300
946,314.609985,328.549988,309.279999,326.73999,326.394775,43516200
947,326,327.100006,313.5,315.029999,314.697174,28306900
948,323.660004,334.119995,320.359985,333.76001,333.40741,45496400
949,331.690002,333.529999,318.640015,326.76001,326.414764,62206600
950,332.190002,332.890015,313.799988,314.350006,314.056335,48436800
951,312.140015,324.779999,310.25,321.26001,320.959869,47289000
952,320,321.290009,301.299988,306.929993,306.643219,54432500
953,298.799988,302.410004,280.380005,300.369995,300.089386,65893800
954,309.570007,324.48999,306.51001,324.269989,323.96701,59305300
955,319.98999,322.899994,314.209991,318.26001,317.962677,47555100
956,317.339996,322.049988,304.279999,304.899994,304.615112,48850700
957,311.5,313.049988,298.609985,301.980011,301.697906,48882500
958,302.48999,302.940002,281.160004,281.609985,281.346924,59834400
959,276.98999,286.779999,272.5,283.369995,283.105286,66703500
960,284,305,278.380005,304.589996,304.30545,69829700
961,311.519989,311.600006,280.929993,283.869995,283.604828,70736600
962,279.850006,289.220001,277.600006,278.01001,277.750305,71375800
963,273.049988,281.440002,271.450012,277.190002,276.931061,46184700
964,283.73999,291.200012,274.01001,290.75,290.478363,52438500
965,288.910004,295.549988,284.48999,294,293.725342,39518400
966,297.549988,300.589996,294.309998,296.399994,296.123108,34302200
967,296.600006,310.869995,296.399994,309.450012,309.160919,40368600
968,313.119995,313.299988,300.119995,303.220001,302.936737,42059100
969,302.730011,305.480011,293.660004,300.01001,299.729736,34313900
970,298.269989,304.570007,295.399994,295.859985,295.583588,30886400
971,296.73999,300.299988,293.309998,294.109985,293.835236,26653000
972,298.149994,307.109985,297.850006,301.209991,300.928589,39154700
973,302.769989,304.679993,283.48999,292.899994,292.626373,52715400
974,289.48999,294.160004,275.329987,276.040009,275.782104,49806400
975,276.399994,284.380005,270.649994,281.779999,281.516754,45418600
976,281.410004,284.220001,270.570007,272.470001,272.215454,40993900
977,265.809998,274.690002,256.440002,274,273.744019,59468100
978,273.230011,280.649994,268.390015,278.170013,277.910126,40408900
979,280.670013,285.950012,276.079987,279.98999,279.728394,38341300
980,283.790009,284.799988,264.980011,265.75,265.501709,54017100
981,263,271.970001,262.100006,269.420013,269.168304,39583200
982,262.600006,266.380005,257.700012,259.029999,258.788025,42427000
983,260.790009,265.429993,250.520004,250.669998,250.435837,48831500
984,253.039993,255.789993,240.779999,241.5,241.274384,43518100
985,235.070007,248.229996,232.630005,233.740005,233.521637,71895800
986,223.300003,233.800003,208.880005,233.720001,233.501663,91398200
987,225.460007,229.429993,220,223.240005,223.031448,66461600
988,232.399994,240.570007,223,227.720001,227.507263,75595900
989,235.679993,239.949997,216.75,219.440002,219.235001,57335300
990,220.119995,228.580002,212.960007,228.399994,228.186615,54377400
991,231.820007,245.089996,230.520004,244.860001,244.631241,56468000
992,251.039993,251.449997,238.899994,246.380005,246.149811,51892500
993,257.940002,258.170013,245.529999,252.419998,252.184189,54341900
994,244.580002,250.770004,237.800003,239.479996,239.256271,41017800
995,239.720001,246.350006,236.320007,243.190002,242.962799,35482900
996,243.720001,251.820007,242.020004,247.279999,247.048981,37686800
997,243.589996,252.300003,239.800003,251.080002,250.845444,41035900
998,256.220001,267.25,253.529999,267.049988,266.800476,52428200
999,259.950012,269.25,256,258.23999,257.998718,51320000
1000,259.160004,261.519989,237.729996,239.490005,239.266266,60547200
1001,239.339996,248.75,237.550003,242.669998,242.443298,44042400
1002,249.490005,265.450012,247.839996,264.950012,264.702484,69986900
1003,262.589996,265.820007,255.520004,265.109985,264.862305,73267600
1004,256.299988,257.850006,241.649994,245.070007,244.841049,81059500
1005,246.679993,249.860001,231,236.419998,236.199127,76125500
1006,230.350006,240.639999,230,233.899994,233.681488,63342200
1007,238.020004,241.550003,223.009995,223.869995,223.660873,56651100
1008,210.149994,238,208.899994,237.479996,237.258148,73580100
1009,237.210007,242.169998,233.809998,241.570007,241.34433,52886600
1010,239.919998,246.649994,237.070007,243.850006,243.622208,47731900
1011,242.910004,243.770004,231.320007,234.770004,234.550674,41205600
1012,237.559998,244.089996,234.149994,242.199997,242.014969,38964200
1013,242.619995,243.259995,234.690002,237.139999,236.958817,36509500
1014,233.839996,236.800003,224.820007,229.360001,229.184784,43141500
1015,228.169998,230.330002,213.300003,213.520004,213.356873,45082100
1016,213.089996,223.729996,206.5,215.139999,214.975632,55746700
1017,223.869995,232.199997,222.470001,230.139999,229.964172,49274200
1018,225.309998,227.880005,218.820007,226.580002,226.406891,42806600
1019,230.220001,231.449997,220.460007,221,220.831146,36720900
1020,218.690002,222.619995,211.589996,213.300003,213.137039,38535400
1021,215.179993,230.380005,213.220001,229.729996,229.554474,49199600
1022,235,245.970001,231.720001,244.960007,244.772858,67142200
1023,241.199997,248.419998,239.059998,247.660004,247.470779,47194100
1024,247.990005,265.690002,246.240005,264.529999,264.327911,73071900
1025,265.070007,271.519989,259.670013,267.339996,267.135742,59172700
1026,267.269989,272.380005,260.720001,265.23999,265.037354,54700700
1027,261.26001,266.119995,255.75,256.339996,256.144165,50212000
1028,261.660004,283.200012,259.070007,281.5,281.284912,87737900
1029,278.859985,283.579987,272.709991,276.920013,276.708435,57901600
1030,277.559998,282.5,272.059998,282.190002,281.974426,42549400
1031,286.950012,289.459991,279.799988,286.559998,286.341064,48898400
1032,283.040009,284.959991,275.029999,276.899994,276.688446,46348700
1033,277.820007,282.480011,272.700012,272.859985,272.65152,52344000
1034,273.75,274.959991,262.670013,267.119995,266.915924,51723500
1035,267.279999,275.579987,266.130005,273.600006,273.390991,39712000
1036,272.540009,273.190002,258.200012,259.309998,259.111877,43661500
1037,249.339996,253,240.029999,244.070007,243.88353,70383300
1038,244.410004,247.220001,234.779999,242.080002,241.895065,55799200
1039,239.169998,239.229996,230.619995,231.190002,231.013367,52478100
1040,222.139999,223.199997,216.600006,219.169998,219.002548,57520700
1041,225.369995,227.25,212.820007,215.039993,214.875702,66225800
1042,217.279999,225,214.550003,222.029999,221.860367,51694300
1043,225.050003,227.770004,211.630005,212.580002,212.417587,56909700
1044,212,220.880005,210.789993,217.830002,217.663574,52570100
1045,217.199997,223.729996,213.139999,221.979996,221.810394,51278100
1046,225.169998,226.699997,212,214.820007,214.655884,46897400
1047,217.089996,223.919998,200,201.830002,201.675812,65620900
1048,203.029999,204.860001,195,195.149994,195.0009,62471300
1049,192.020004,199.449997,190.960007,199.020004,198.86795,64156600
1050,197.179993,197.880005,186.699997,187.880005,187.736465,65314300
1051,185.979996,191.669998,182.899994,184.149994,184.009308,49946000
1052,189.669998,200.369995,184.899994,197.820007,197.668869,57032700
1053,194.020004,201.279999,185.169998,185.470001,185.328293,50043500
1054,185.410004,195.740005,183.910004,195.330002,195.180771,57204900
1055,194,198.25,191.330002,196.020004,195.870239,47575100
1056,199.229996,204,187.509995,203.339996,203.184647,64885500
1057,198.669998,199.25,185,188.440002,188.296021,62633100
1058,187.360001,195.119995,179.899994,186.75,186.60733,63329700
1059,180.339996,182.550003,168.270004,169.5,169.370499,64445500
1060,176.889999,181.979996,170.25,175.949997,175.815567,76147400
1061,173.470001,177.529999,165.679993,166.300003,166.172943,67016700
1062,162.190002,167.880005,155.669998,161.75,161.626434,70872800
1063,167.880005,179.279999,165.929993,177.059998,176.924728,67043700
1064,175.089996,177.880005,171.059998,172.639999,172.508102,52144600
1065,180.740005,183.710007,176.339996,181.770004,181.631134,58583000
1066,177.050003,181.179993,168.639999,169.380005,169.250595,54516100
1067,169.369995,176.869995,167.339996,171.240005,171.109177,62131000
1068,173.320007,174.100006,157.550003,166.940002,166.812469,73910500
1069,162.740005,169.149994,161.789993,168.979996,168.850891,63988900
1070,165.100006,165.970001,157.800003,161.539993,161.41658,58855000
1071,160.199997,171.110001,160,169.75,169.620316,78113200
1072,160.360001,180.919998,160.220001,178.509995,178.373627,99657500
1073,181.860001,188.809998,181,188.110001,187.966293,73837900
1074,189.800003,192,183.5,186.720001,186.577347,66410000
1075,187.240005,190.529999,181.220001,183.199997,183.060028,54451400
1076,182.919998,196.190002,181.979996,195.919998,195.770325,64865600
1077,190.820007,193.320007,185.220001,187.199997,187.056961,59877900
1078,191.389999,193.369995,185.639999,187.860001,187.716476,42240600
1079,184.720001,190,181.880005,189.259995,189.115402,38891400
1080,187.990005,191.800003,185.350006,186.479996,186.376907,36325200
1081,184.809998,189.330002,180.410004,180.479996,180.380234,39557400
1082,176,176.970001,168.690002,169.740005,169.646179,46524800
1083,160,163.119995,156.059998,156.470001,156.383514,60415300
1084,157.309998,160.660004,154.119995,158.360001,158.272461,46968000
1085,160.949997,168.679993,159.259995,165.270004,165.17865,56393600
1086,158.600006,159.419998,154.009995,156.009995,155.923767,54574900
1087,156.479996,159.949997,153.279999,158.800003,158.712219,63033400
1088,164.75,170.080002,164.070007,165.660004,165.568436,48308900
1089,162.259995,166.619995,161.800003,163.600006,163.509583,43713500
1090,165.190002,165.850006,158.529999,162.25,162.160309,46368000
1091,165,171.399994,163.100006,171.259995,171.165329,47215300
1092,173.119995,173.300003,166.259995,168.690002,168.596756,42796800
1093,169,172.020004,159.449997,159.820007,159.731674,46114900
1094,158.139999,158.199997,151.699997,155.419998,155.334091,48235200
1095,153.610001,155.669998,148.619995,151.589996,151.50621,68607000
1096,148.990005,150.630005,143.919998,145.229996,145.149719,57761000
1097,141.75,149.710007,140.550003,149.639999,149.557297,65139700
1098,150.100006,153.190002,147.889999,151.300003,151.21637,52906600
1099,154.559998,159.449997,153.889999,158.580002,158.492355,49290300
1100,154.300003,160.369995,153.889999,158.380005,158.292465,46797200
1101,155.259995,155.270004,150.380005,151.520004,151.436249,43732100
1102,152.679993,154.309998,148.770004,150.820007,150.736649,45848300
1103,145.899994,153.75,144.649994,151.639999,151.556183,52191800
1104,151.080002,154.729996,147.279999,153.720001,153.635025,45623500
1105,156.589996,157.820007,154.449997,157.619995,157.532867,38593500
1106,163.020004,168.970001,160.020004,161.009995,160.92099,67051700
1107,164.860001,171.100006,161.720001,169.919998,169.82608,70236600
1108,169.470001,179.330002,168.009995,178.070007,177.971573,76053800
1109,178.850006,181.440002,175.449997,180.5,180.400223,55704900
1110,178.929993,179.669998,171.369995,173.190002,173.094269,53667100
1111,170.190002,171.240005,166.490005,170.240005,170.145905,48074800
1112,168.889999,169.190002,164.779999,165.330002,165.238617,39786500
1113,170.320007,179.360001,169.130005,177.899994,177.801666,56977600
1114,179.75,181.399994,174.399994,179.839996,179.740585,47464600
1115,178.130005,182.440002,176.919998,181.630005,181.529602,43546000
1116,181.820007,188.460007,179.899994,184.410004,184.308075,47646900
1117,181.220001,189.380005,180.919998,185.259995,185.157593,48952700
1118,181.839996,189.679993,181.369995,188.929993,188.825562,41814600
1119,188.490005,192.740005,187.600006,192.149994,192.043777,40965200
1120,188.100006,192.289993,186.660004,189.889999,189.785034,38606800
1121,175.020004,182.389999,172.419998,177.929993,177.831635,98185900
1122,172.520004,174.470001,167.240005,170.860001,170.765564,66826300
1123,176.979996,181.179993,173.169998,180.970001,180.86998,59742200
1124,181.309998,187.070007,178.759995,179.419998,179.320831,50932700
1125,181.600006,187.179993,179.529999,187.089996,186.986588,47809400
1126,187.009995,191.639999,186.130005,190.320007,190.214813,45766600
1127,189.199997,191.419998,185.009995,188.789993,188.685623,45124000
1128,185.229996,186.880005,181.449997,183.350006,183.248657,44679900
1129,183.009995,188.649994,181.830002,187.729996,187.626221,41544700
1130,184.059998,185.199997,177.699997,178.490005,178.391342,44158800
1131,174.899994,175.580002,169.660004,170.339996,170.24585,40959300
1132,169.889999,174.649994,169.699997,171.809998,171.715027,36998600
1133,170.119995,174.059998,168.949997,172.220001,172.124802,52266100
1134,168.440002,179.470001,168.330002,179.130005,179.030991,77069100
1135,178.570007,179.240005,162.369995,162.600006,162.510117,76912700
1136,160.199997,163.380005,157.669998,158.009995,157.922653,49613200
1137,159.600006,160.389999,151.820007,154.679993,154.594498,53018100
1138,153.839996,155.399994,149.589996,150.940002,150.856567,57371000
1139,142.089996,143.800003,132.699997,139.369995,139.292969,117886500
1140,141,141.710007,135.910004,136.470001,136.394562,74315700
1141,137.309998,137.789993,133.509995,134.649994,134.575577,53575100
1142,135.630005,138.380005,133.460007,137.139999,137.104919,51265700
1143,134.589996,140.080002,133.690002,139.899994,139.864212,62487300
1144,141.570007,144.740005,141.259995,143.869995,143.833191,48661200
1145,143.690002,145.470001,141.979996,145.050003,145.012909,48415900
1146,138.020004,139.220001,130.990005,131.309998,131.276413,71495600
1147,132.539993,132.899994,129.130005,131.279999,131.246429,58850700
1148,130.149994,132.330002,127.900002,129.289993,129.256927,52362500
1149,127.419998,132.119995,126.169998,131.979996,131.946243,67075100
1150,130.119995,134.630005,130.100006,133.820007,133.785782,56968500
1151,132.149994,134.830002,130.570007,131.759995,131.726288,52481800
1152,132.130005,140.309998,131.100006,132.610001,132.57608,80767900
1153,130.699997,131.490005,124.279999,125.610001,125.577873,75916200
1154,124.199997,126.110001,122.57,125.160004,125.127991,66330900
1155,124.910004,126.589996,122.139999,122.279999,122.248726,54734300
1156,125.07,127.360001,122.580002,124.129997,124.098251,55385400
1157,124.099998,128.229996,123.540001,127.360001,127.327423,54241400
1158,124.480003,125,119.459999,122.199997,122.168739,53276300
1159,120.870003,126.330002,120.75,121.389999,121.358955,56563800
1160,123.470001,126.779999,121.050003,125.120003,125.088005,54747800
1161,128.789993,132.199997,128.789993,131.669998,131.636322,58418200
1162,129.110001,133.210007,126.209999,132.089996,132.056213,50713100
1163,132.199997,136.559998,131.029999,131.300003,131.266418,64415700
1164,125.050003,126.699997,120.220001,120.760002,120.729118,67247800
1165,120.370003,121.239998,114.080002,116.699997,116.670151,69869900
1166,115.610001,118.459999,112.830002,115.860001,115.830368,66748200
1167,115.790001,117.349998,113.449997,115,114.970589,49259000
1168,109.709999,120.779999,108.129997,119.599998,119.569412,85010300
1169,120.57,121.110001,112.040001,112.269997,112.24128,71343200
1170,115.18,119.480003,115.169998,118.879997,118.849594,58077400
1171,123.440002,124.919998,116.18,119.669998,119.639389,65936200
1172,118.790001,123.5,118.339996,120.510002,120.479179,52313100
1173,121.129997,127.690002,121.050003,121.940002,121.908813,65239800
1174,120.980003,124.980003,118.870003,124.660004,124.62812,60949400
1175,125.080002,127.099998,120.639999,125.989998,125.957771,51745700
1176,126.940002,133,126.639999,132.610001,132.57608,50548200
1177,128.690002,133.880005,127.080002,128.960007,128.927017,53295300
1178,136.300003,138.380005,131.220001,131.759995,131.726288,58311300
1179,131.039993,138.5,130.610001,138.339996,138.304611,52104000
1180,137.779999,138.380005,132.970001,134.970001,134.935486,48634100
1181,138.110001,139.25,135.190002,135.429993,135.395355,43281700
1182,138.5,142.100006,132.110001,132.190002,132.156189,67262800
1183,130.429993,137.809998,129.559998,134.210007,134.175674,50006500
1184,139.860001,142.289993,136.970001,141.559998,141.523788,61257600
1185,142.279999,144.119995,139.539993,143.009995,142.973419,41006100
1186,148.009995,148.910004,142.160004,146.020004,145.982651,59529200
1187,141.619995,142.110001,137.589996,137.759995,137.724762,45441400
1188,148,157.729996,145.470001,157.5,157.459717,70081900
1189,158.070007,163.889999,154.820007,163.270004,163.228241,65548700
1190,162.179993,165.399994,159.220001,162.949997,162.908325,52785200
1191,167.220001,169.979996,163.820007,166.660004,166.617371,54587600
1192,161.619995,163.619995,158.729996,159.100006,159.059311,64954700
1193,157.149994,162.660004,155.350006,156.770004,156.729904,71089400
1194,159.660004,160.020004,151.199997,154.089996,154.050583,49207200
1195,151.470001,154.770004,150.800003,153.169998,153.130829,40473900
1196,153.279999,160.580002,151.220001,160.380005,160.338989,47286600
1197,160.979996,165.270004,160.479996,165.190002,165.147751,42724100
1198,163.179993,164.869995,161.720001,162.699997,162.658386,16793400
1199,160.259995,163.570007,157.25,158.270004,158.229523,30374100
1200,158.270004,159.320007,155.199997,156.389999,156.350006,29838400
1201,156.970001,169.300003,155.970001,169.229996,169.229996,56529800
1202,169.990005,172.649994,166.350006,171.350006,171.350006,47097700
1203,166.589996,169.330002,164.449997,168.759995,168.759995,37138900
1204,166.789993,169.949997,164.720001,166.100006,166.100006,35225500
1205,165.300003,165.729996,158.190002,159.869995,159.869995,35269400
1206,157.720001,161.860001,156.669998,161.199997,161.199997,37238800
1207,162.729996,171.789993,159.589996,171.690002,171.690002,51545600
1208,171.600006,175.830002,169.75,170.009995,170.009995,46533800
1209,170.369995,175.380005,167.970001,175.350006,175.350006,45732800
1210,185.309998,187.899994,177.110001,180.720001,180.720001,65658900
1211,179.869995,182.520004,174.199997,176.740005,176.740005,49688800
1212,171.460007,173.199997,167,169.520004,169.520004,47854200
1213,168.639999,170.410004,164.100006,165.710007,165.710007,47823200
1214,165.720001,166.089996,161.449997,162.539993,162.539993,35403900
1215,160.639999,163.100006,158.520004,160.850006,160.850006,40326000
1216,161.139999,166.270004,161.020004,165.009995,165.009995,32502500
1217,160.940002,161.380005,148.820007,153.389999,153.389999,56504500
1218,151.960007,153.389999,148.830002,152.059998,152.059998,34932600
1219,150.740005,151,140.559998,141.210007,141.210007,46490200
1220,139.270004,142.619995,138.839996,140.360001,140.360001,35106600
1221,144.020004,146.830002,142.270004,146.029999,146.029999,35492300
1222,143.339996,146.289993,142.330002,146.139999,146.139999,31027300
1223,148.509995,149.960007,140.960007,143.149994,143.149994,40127700
1224,145.669998,148.529999,142.410004,147.490005,147.490005,43132400
1225,144.910004,145.639999,141.479996,142.649994,142.649994,38916800
1226,144.740005,150.100006,140.339996,148.589996,148.589996,40482300
1227,152.839996,160.559998,151.410004,156.279999,156.279999,50423100
1228,155.070007,159.619995,154.720001,159.089996,159.089996,38410100
1229,158.399994,160.279999,155.630005,160.009995,160.009995,35328500
1230,161,166.369995,154.919998,165.110001,165.110001,55140900
1231,162.779999,169.220001,161.649994,168.990005,168.990005,44693500
1232,168.990005,177.279999,168.990005,177.020004,177.020004,51110200
1233,176.669998,178.729996,172.820007,173.770004,173.770004,43962400
1234,170.360001,171.970001,167.309998,167.649994,167.649994,45293200
1235,170.110001,178.559998,168.25,178.389999,178.389999,56401600
1236,180.639999,192.449997,178.179993,191.929993,191.929993,65516300
1237,188.270004,194.949997,188.199997,192.649994,192.649994,49620400
1238,189.130005,193.699997,185.800003,193.229996,193.229996,44953700
1239,197.009995,201.660004,192.779999,198.020004,198.020004,48953500
1240,194.619995,206.279999,194.050003,203.649994,203.649994,54163300
1241,199.5,201.399994,191.5,191.619995,191.619995,48861100
1242,191.699997,196.869995,189.5,195.369995,195.369995,49801700
1243,196.910004,211.919998,196.110001,209.429993,209.429993,66047700
1244,210,219.490005,207,217.089996,217.089996,56427600
1245,210,217.449997,207.889999,211,211,42892500
1246,208.059998,215.699997,207.860001,210.889999,210.889999,45219700
1247,213.820007,222.589996,211.5,221.729996,221.729996,66415000
1248,223.869995,228.779999,220.080002,222.050003,222.050003,55965100
1249,226.059998,230.199997,221.199997,223.369995,223.369995,52387600
1250,216.899994,220.779999,208.110001,212.649994,212.649994,55031100
1251,215.380005,220.479996,209.619995,217.880005,217.880005,47491900
1252,215.779999,230.490005,213.660004,229.710007,229.710007,67547400
1253,225.490005,228.550003,221.059998,227.639999,227.639999,42118800
1254,221.330002,225.5,219.270004,220.020004,220.020004,41202600
1255,216.309998,217.399994,209.75,213.880005,213.880005,46495700
1256,210,214.940002,206.179993,206.550003,206.550003,41001500
1257,207.070007,211.039993,204.210007,207.539993,207.539993,51318400
1258,234.399994,238.880005,230.25,236.639999,236.639999,111799500
1259,232.25,234.740005,229.470001,232.860001,232.860001,58918100
